Source,Target,Type,Id,Label,timeset,Weight
UCYE61Gy3RxiI2hSdCmAgP9w,UClvD6c1VI75QZWJjA_yiWhg,Directed,6203,,,1
UCFpuO2wt_3WSrk-QG7VjUhQ,UC2C_jShtL725hvbm1arSV9w,Directed,6550,,,1
UCqxZhJewxqhB4cNsxJFjIhg,UClvD6c1VI75QZWJjA_yiWhg,Directed,8470,,,1
UCWNbidLi4FXBd83ixoB1v-A,UClvD6c1VI75QZWJjA_yiWhg,Directed,8736,,,1
UCShSHheWVd42CdiVAYn-9xQ,UCLoNQH9RCndfUGOb2f7E1Ew,Directed,8786,,,1
UCNMbegBD9OjH4Eza8vVjBMg,UCFWjEwhX6cSAKBQ28pufG3w,Directed,9003,,,1
UC8zZkogm0hU7_zifdxSQa0Q,UCK09g6gYGMvU-0x1VCF1hgA,Directed,9434,,,1
UCm5GjhNnQUcMNgcO1lC0vTQ,UClvD6c1VI75QZWJjA_yiWhg,Directed,10196,,,1
UCm5GjhNnQUcMNgcO1lC0vTQ,UCwnKziETDbHJtx78nIkfYug,Directed,10217,,,1
UCRVDpYNhA8zvVmBee_ium3g,UCbWJBeGBPPealdWVLzbVU7g,Directed,10573,,,1
UCRVDpYNhA8zvVmBee_ium3g,UCfa492nu0Ir7zEmqR9hQ18Q,Directed,10576,,,1
UCRVDpYNhA8zvVmBee_ium3g,UCAVFHtGR7-MJMKWX_genw_Q,Directed,10581,,,1
UCRVDpYNhA8zvVmBee_ium3g,UClvD6c1VI75QZWJjA_yiWhg,Directed,10598,,,1
UC4W-mNkE0HgQhRBVusdCpfw,UCRds47MZ1Ng7KCLseg2TkWA,Directed,11229,,,1
UC4W-mNkE0HgQhRBVusdCpfw,UCQGqX5Ndpm4snE0NTjyOJnA,Directed,11239,,,1
UCWGhvr5OE7HbSKcAhmSnYNw,UCQGqX5Ndpm4snE0NTjyOJnA,Directed,13860,,,1
UCWGhvr5OE7HbSKcAhmSnYNw,UCFWjEwhX6cSAKBQ28pufG3w,Directed,13865,,,1
UCWGhvr5OE7HbSKcAhmSnYNw,UCRds47MZ1Ng7KCLseg2TkWA,Directed,13874,,,1
UCelqGXobAzn0rfSp5hpDPfQ,UCwnKziETDbHJtx78nIkfYug,Directed,14024,,,1
UCelqGXobAzn0rfSp5hpDPfQ,UCRds47MZ1Ng7KCLseg2TkWA,Directed,14028,,,1
UCdgJ8gL9IigpRh8xl6ZZ0_w,UCLoNQH9RCndfUGOb2f7E1Ew,Directed,14044,,,1
UCdgJ8gL9IigpRh8xl6ZZ0_w,UCwnKziETDbHJtx78nIkfYug,Directed,14064,,,1
UCdgJ8gL9IigpRh8xl6ZZ0_w,UCQGqX5Ndpm4snE0NTjyOJnA,Directed,14065,,,1
UCZDOedq4gQwSnLA6QXlbHdw,UCwnKziETDbHJtx78nIkfYug,Directed,14468,,,1
UCthNYjMhjFNXmu-HbLudtvA,UCK09g6gYGMvU-0x1VCF1hgA,Directed,14823,,,1
UCMihusTAHd_vAKy0YRdTLXw,UCLoNQH9RCndfUGOb2f7E1Ew,Directed,16074,,,1
UCMihusTAHd_vAKy0YRdTLXw,UC2C_jShtL725hvbm1arSV9w,Directed,16091,,,1
UC3BeH4UKQPzncObGXSgJL5w,UCK09g6gYGMvU-0x1VCF1hgA,Directed,16573,,,1
UC3BeH4UKQPzncObGXSgJL5w,UCwnKziETDbHJtx78nIkfYug,Directed,16574,,,1
UCv2_N-dyQiiKfiPNVvbtBJA,UCD8bmW4A7eYzHrW7sXwsqwQ,Directed,17602,,,1
UC5EnUTa6Q2IWCABp2xNi5UA,UCLoNQH9RCndfUGOb2f7E1Ew,Directed,19217,,,1
UCBJUyJgNfSkY0TCvcURcZag,UCK09g6gYGMvU-0x1VCF1hgA,Directed,19624,,,1
UCZsP1tn03b-Av8hjiJJf32w,UCFWjEwhX6cSAKBQ28pufG3w,Directed,20372,,,1
UCOgMksNH7ztex_Xby9qXy4w,UClvD6c1VI75QZWJjA_yiWhg,Directed,20447,,,1
UC897G2LUhbx2oSF9h9qR7Sg,UCD8bmW4A7eYzHrW7sXwsqwQ,Directed,21160,,,1
UC897G2LUhbx2oSF9h9qR7Sg,UCwnKziETDbHJtx78nIkfYug,Directed,21170,,,1
UCtVIzeZ7tLf5jvF6OxHXEDQ,UC2C_jShtL725hvbm1arSV9w,Directed,21714,,,1
UCfNKAwjD99kAPEdbWDM8kLA,UClvD6c1VI75QZWJjA_yiWhg,Directed,22462,,,1
UC0E44au0qveSHeUoOGwlREA,UCwnKziETDbHJtx78nIkfYug,Directed,23365,,,1
UCuDQ9a-jJVe2b5gg1NsP0jQ,UCwnKziETDbHJtx78nIkfYug,Directed,23492,,,1
UCfBsQ_id6HelLXpWjfI4gFA,UClvD6c1VI75QZWJjA_yiWhg,Directed,24052,,,1
UCfBsQ_id6HelLXpWjfI4gFA,UCagTsJE66BwJkBfwU9izyaA,Directed,24053,,,1
UCfBsQ_id6HelLXpWjfI4gFA,UCD8bmW4A7eYzHrW7sXwsqwQ,Directed,24063,,,1
UCfBsQ_id6HelLXpWjfI4gFA,UCfa492nu0Ir7zEmqR9hQ18Q,Directed,24064,,,1
UCfBsQ_id6HelLXpWjfI4gFA,UC7w6MNvnZJ0DKU41wa7yA8w,Directed,24073,,,1
UCCDiY6EjVTrNiutQslK_7lw,UCwnKziETDbHJtx78nIkfYug,Directed,26429,,,1
UCCDiY6EjVTrNiutQslK_7lw,UClvD6c1VI75QZWJjA_yiWhg,Directed,26444,,,1
UCa5zQvJmCrVJQ7TfrDexflQ,UCCDiY6EjVTrNiutQslK_7lw,Directed,71019,,,1
UC04E6SnS3YeaOaCJSnNNSOg,UClvD6c1VI75QZWJjA_yiWhg,Directed,26524,,,1
UCmThYr8XvjXSqwx5X-E2wWw,UCK09g6gYGMvU-0x1VCF1hgA,Directed,26570,,,1
UCmThYr8XvjXSqwx5X-E2wWw,UCLoNQH9RCndfUGOb2f7E1Ew,Directed,26571,,,1
UCY_mLaf2Adyu-rwFijUihBQ,UCLoNQH9RCndfUGOb2f7E1Ew,Directed,26590,,,1
UCPpZ50cvt3KK7dMzp4cFDng,UC2C_jShtL725hvbm1arSV9w,Directed,26807,,,1
UCCfxRqU6rUDHnCsxy9FMUnw,UCgqYUzvsBr8_tU62_zI45mA,Directed,27229,,,1
UCCfxRqU6rUDHnCsxy9FMUnw,UClvD6c1VI75QZWJjA_yiWhg,Directed,27239,,,1
UCCfxRqU6rUDHnCsxy9FMUnw,UCwnKziETDbHJtx78nIkfYug,Directed,27253,,,1
UCgqYUzvsBr8_tU62_zI45mA,UCCfxRqU6rUDHnCsxy9FMUnw,Directed,33038,,,1
UChqlS8Dkcv1HMUR1vL_NH0Q,UCRds47MZ1Ng7KCLseg2TkWA,Directed,27646,,,1
UCnPfJ1MPsdCt-WRElEygC4Q,UClvD6c1VI75QZWJjA_yiWhg,Directed,27672,,,1
UCfk_OgQMBof-qng8JcrVKuw,UCFWjEwhX6cSAKBQ28pufG3w,Directed,30038,,,1
UCGrPYdPCEF-Va2x3jaMB1Xw,UCwnKziETDbHJtx78nIkfYug,Directed,30332,,,1
UCPIS6r28G-7nI1sXqC7FNmw,UCwnKziETDbHJtx78nIkfYug,Directed,31205,,,1
UChG7qVia7efMjvXWZ55nmfw,UCRds47MZ1Ng7KCLseg2TkWA,Directed,31949,,,1
UCNMUJJJmn89JHygdMd8zZTQ,UClvD6c1VI75QZWJjA_yiWhg,Directed,32571,,,1
UCqz55a-iS-t4wm-BCRFhIrg,UCFWjEwhX6cSAKBQ28pufG3w,Directed,32639,,,1
UCqz55a-iS-t4wm-BCRFhIrg,UClvD6c1VI75QZWJjA_yiWhg,Directed,32652,,,1
UCgqYUzvsBr8_tU62_zI45mA,UCwnKziETDbHJtx78nIkfYug,Directed,33050,,,1
UCn57ddYcpJ-G_rGjGBBdKjw,UCfa492nu0Ir7zEmqR9hQ18Q,Directed,33396,,,1
UCn57ddYcpJ-G_rGjGBBdKjw,UCRds47MZ1Ng7KCLseg2TkWA,Directed,33402,,,1
UCn57ddYcpJ-G_rGjGBBdKjw,UClvD6c1VI75QZWJjA_yiWhg,Directed,33405,,,1
UCn57ddYcpJ-G_rGjGBBdKjw,UCQGqX5Ndpm4snE0NTjyOJnA,Directed,33420,,,1
UCNVgvt4-Ne_cnn1kSNKGR4A,UCFWjEwhX6cSAKBQ28pufG3w,Directed,33585,,,1
UCCR07Xby6w8AC795hXFa1Dg,UCFWjEwhX6cSAKBQ28pufG3w,Directed,33744,,,1
UCrlxZ06LJ4Jkfkj1D_vO5EA,UCwnKziETDbHJtx78nIkfYug,Directed,37341,,,1
UCiSwAwgtZtPyyZCYSQoIBdA,UCwnKziETDbHJtx78nIkfYug,Directed,37791,,,1
UCiSwAwgtZtPyyZCYSQoIBdA,UCK09g6gYGMvU-0x1VCF1hgA,Directed,37795,,,1
UC49xYTS6r9bDAyJy9T0UEeg,UCwnKziETDbHJtx78nIkfYug,Directed,38263,,,1
UCqlIbZ93QfuWbyhIuNwLQPA,UClvD6c1VI75QZWJjA_yiWhg,Directed,38407,,,1
UCOZoYc_6JH89xXzrfPdd-1A,UCwnKziETDbHJtx78nIkfYug,Directed,38694,,,1
UC5PSRs7JJqFMdy81LFS6JBw,UClvD6c1VI75QZWJjA_yiWhg,Directed,38731,,,1
UCeRASiVXda05jz0I05xt1Tw,UCK09g6gYGMvU-0x1VCF1hgA,Directed,39008,,,1
UCQkF3sOfwOzPs0M5yLc0x5Q,UCLoNQH9RCndfUGOb2f7E1Ew,Directed,39150,,,1
UCHNfxhCa28QImlfvd1igvig,UClvD6c1VI75QZWJjA_yiWhg,Directed,43016,,,1
UC2Jdm9UcHeX60OYHvXEer-w,UCLoNQH9RCndfUGOb2f7E1Ew,Directed,43228,,,1
UC5t7RGgV32hQgnr-DnV2zNg,UClvD6c1VI75QZWJjA_yiWhg,Directed,43833,,,1
UCmLqckDbQbNi8ytgtlUi9uQ,UCQGqX5Ndpm4snE0NTjyOJnA,Directed,44533,,,1
UCmLqckDbQbNi8ytgtlUi9uQ,UCRds47MZ1Ng7KCLseg2TkWA,Directed,44558,,,1
UCJ29vixKPSlgjdJLVZDg_mA,UCK09g6gYGMvU-0x1VCF1hgA,Directed,45032,,,1
UCyt6ZazPQCr1w7uuevOQJ1w,UCD8bmW4A7eYzHrW7sXwsqwQ,Directed,45251,,,1
UCVqVpmi5TBN3FOwZJVSnmyg,UCwnKziETDbHJtx78nIkfYug,Directed,46123,,,1
UCNhvBEeOjL36aJ3-EAP1nWg,UCQGqX5Ndpm4snE0NTjyOJnA,Directed,46886,,,1
UCb226CJ6zTSEYyY_c30zhFg,UCwnKziETDbHJtx78nIkfYug,Directed,47317,,,1
UCG3_FK6sqAG4DHWkLTADXkg,UCwnKziETDbHJtx78nIkfYug,Directed,47923,,,1
UCG3_FK6sqAG4DHWkLTADXkg,UClvD6c1VI75QZWJjA_yiWhg,Directed,47929,,,1
UCNOvflWYdU0MJBykCiDxGbw,UCQGqX5Ndpm4snE0NTjyOJnA,Directed,47988,,,1
UCRtjzoYKEpgO0Ur3MHowPdA,UCD8bmW4A7eYzHrW7sXwsqwQ,Directed,48549,,,1
UCM1ZNcsj2YQxJKZdslgFScA,UCLoNQH9RCndfUGOb2f7E1Ew,Directed,48759,,,1
UCAYcH2EZRVBPGcJCiE4nztA,UClvD6c1VI75QZWJjA_yiWhg,Directed,48857,,,1
UCAYcH2EZRVBPGcJCiE4nztA,UCLoNQH9RCndfUGOb2f7E1Ew,Directed,48869,,,1
UCqec0kOaROB007cEpbaLTYg,UCwnKziETDbHJtx78nIkfYug,Directed,48933,,,1
UCqec0kOaROB007cEpbaLTYg,UCLoNQH9RCndfUGOb2f7E1Ew,Directed,48940,,,1
UCGm2ERwu1QgXWRW5HvYuERg,UCRds47MZ1Ng7KCLseg2TkWA,Directed,49081,,,1
UCmgz5S434m6grjihzlSToPQ,UC2C_jShtL725hvbm1arSV9w,Directed,49581,,,1
UCEyPYJY7iL73Jqc7BTgc1Dg,UClvD6c1VI75QZWJjA_yiWhg,Directed,50413,,,1
UCEyPYJY7iL73Jqc7BTgc1Dg,UCwnKziETDbHJtx78nIkfYug,Directed,50427,,,1
UCZLbvNyB3_NKI9cGJUhC8Pg,UCK09g6gYGMvU-0x1VCF1hgA,Directed,50672,,,1
UCZLbvNyB3_NKI9cGJUhC8Pg,UC2C_jShtL725hvbm1arSV9w,Directed,50692,,,1
UCZLbvNyB3_NKI9cGJUhC8Pg,UCeNbszrEiBC5Nv53Cr5UViw,Directed,50709,,,1
UCifwWXePTd1r8gqCHgrcGJw,UCK09g6gYGMvU-0x1VCF1hgA,Directed,50898,,,1
UCbdkc6x2PwmBI4GiJ2-quXw,UCFWjEwhX6cSAKBQ28pufG3w,Directed,52699,,,1
UCi6yEmkSAUEELaOiWcsj-mw,UClvD6c1VI75QZWJjA_yiWhg,Directed,53626,,,1
UCoTzlJ27FbJbYtzkn_cVp9A,UClvD6c1VI75QZWJjA_yiWhg,Directed,53792,,,1
UCcYX9pvnAUeFQSkdAy9zZJA,UCQGqX5Ndpm4snE0NTjyOJnA,Directed,53891,,,1
UCcYX9pvnAUeFQSkdAy9zZJA,UCFWjEwhX6cSAKBQ28pufG3w,Directed,53909,,,1
UCAzR6r31ES1_5p1VHfMpKTw,UCeNbszrEiBC5Nv53Cr5UViw,Directed,53999,,,1
UC-OxiYeRaESUK3cjtf35N5A,UClvD6c1VI75QZWJjA_yiWhg,Directed,55001,,,1
UC9ugTvrBt43LQkM2OolvcHg,UC2C_jShtL725hvbm1arSV9w,Directed,55288,,,1
UCUZobs9QZaKGmES6zODvo8A,UClvD6c1VI75QZWJjA_yiWhg,Directed,55826,,,1
UCXPF5AYb9FyDgrg2MOoEsvQ,UCK09g6gYGMvU-0x1VCF1hgA,Directed,56133,,,1
UCLX_EOZN70MfRqO0g9GFwjg,UC7w6MNvnZJ0DKU41wa7yA8w,Directed,56268,,,1
UCIOkTPW1LIbUj-hrCE81AjA,UC7w6MNvnZJ0DKU41wa7yA8w,Directed,56353,,,1
UCjG5DURCFdfdpuGK_oER2UQ,UClvD6c1VI75QZWJjA_yiWhg,Directed,56393,,,1
UCVdBvGnmfgmRJlU1SQLlDMw,UCK09g6gYGMvU-0x1VCF1hgA,Directed,57194,,,1
UCd7m1Kjp1YAvggXse8is_hw,UCFWjEwhX6cSAKBQ28pufG3w,Directed,57232,,,1
UCd7m1Kjp1YAvggXse8is_hw,UCwnKziETDbHJtx78nIkfYug,Directed,57254,,,1
UCd7m1Kjp1YAvggXse8is_hw,UCQGqX5Ndpm4snE0NTjyOJnA,Directed,57258,,,1
UCK6fYayqlLHU5OXaoPaQrug,UCRds47MZ1Ng7KCLseg2TkWA,Directed,57362,,,1
UC0edtCnSIOXT_HuP07cdivg,UCwnKziETDbHJtx78nIkfYug,Directed,57882,,,1
UCywaJYYCNS1ujGwdCQMRrpQ,UCFWjEwhX6cSAKBQ28pufG3w,Directed,58652,,,1
UCywaJYYCNS1ujGwdCQMRrpQ,UC2C_jShtL725hvbm1arSV9w,Directed,58655,,,1
UCTiK7y8nz_bx4ho5Cw7cfkQ,UCLoNQH9RCndfUGOb2f7E1Ew,Directed,58701,,,1
UC8cRXCK2QEkwBEMsCLAE7XQ,UCRds47MZ1Ng7KCLseg2TkWA,Directed,58995,,,1
UCsHdwUKr4yLOs_TjI9vVIyw,UCLoNQH9RCndfUGOb2f7E1Ew,Directed,59057,,,1
UCDjOWxepDsatTJYHVpxHnUg,UCFWjEwhX6cSAKBQ28pufG3w,Directed,59124,,,1
UC2LYsa3UvQwOfE_UaeR97IQ,UCD8bmW4A7eYzHrW7sXwsqwQ,Directed,59678,,,1
UC2LYsa3UvQwOfE_UaeR97IQ,UCRds47MZ1Ng7KCLseg2TkWA,Directed,59683,,,1
UCUQ2W76VPtaPfSnZ77T2kFg,UCwnKziETDbHJtx78nIkfYug,Directed,60698,,,1
UCUQ2W76VPtaPfSnZ77T2kFg,UCFWjEwhX6cSAKBQ28pufG3w,Directed,60700,,,1
UCMUVFCauiapAD6hm4Dgq1CA,UCeNbszrEiBC5Nv53Cr5UViw,Directed,60981,,,1
UCozuThWWWV3ssHwEI1pleNA,UClvD6c1VI75QZWJjA_yiWhg,Directed,61957,,,1
UCUX2LLWHkFZrBQ9gA4WmbZw,UC7w6MNvnZJ0DKU41wa7yA8w,Directed,61973,,,1
UCp1uJOsfg3fq4hNGqYAtBWA,UCwnKziETDbHJtx78nIkfYug,Directed,61991,,,1
UCH8V61RkrF99YrbIbx9pBKQ,UCwnKziETDbHJtx78nIkfYug,Directed,62101,,,1
UCOKUBJ50Wkv98LQmfXBGjEA,UCwnKziETDbHJtx78nIkfYug,Directed,62397,,,1
UCUV4w40IOZb-JZLIZ3pT0Zg,UCagTsJE66BwJkBfwU9izyaA,Directed,62759,,,1
UCFhQtxFueClVufRtsFVBIsQ,UCwnKziETDbHJtx78nIkfYug,Directed,63655,,,1
UCYftZQanGxCv8KM0BO_2uxw,UCLoNQH9RCndfUGOb2f7E1Ew,Directed,64085,,,1
UCILrsx8bdSD34FvSIC_qoCA,UCQGqX5Ndpm4snE0NTjyOJnA,Directed,64548,,,1
UCILrsx8bdSD34FvSIC_qoCA,UCRds47MZ1Ng7KCLseg2TkWA,Directed,64563,,,1
UCaJeoI6oepFnyQkP0h2ngHg,UCK09g6gYGMvU-0x1VCF1hgA,Directed,64668,,,1
UCaJeoI6oepFnyQkP0h2ngHg,UCwnKziETDbHJtx78nIkfYug,Directed,64696,,,1
UCJksBWCD1c2mLrLS2TXj14w,UCLoNQH9RCndfUGOb2f7E1Ew,Directed,65125,,,1
UCoYlSBiJ6EPXHCrOUJ5HTYw,UCFWjEwhX6cSAKBQ28pufG3w,Directed,65453,,,1
UCvmve6qe2qpnho989Qw-4lg,UClvD6c1VI75QZWJjA_yiWhg,Directed,67252,,,1
UCGDVgNdHINX7X3ZaiL1p1yw,UCLoNQH9RCndfUGOb2f7E1Ew,Directed,67277,,,1
UCWoZ2xMeLQf2UMZOA7mpD8A,UCK09g6gYGMvU-0x1VCF1hgA,Directed,67839,,,1
UCDA0kTKxTPI9KzfmxMpoRFA,UCD8bmW4A7eYzHrW7sXwsqwQ,Directed,68394,,,1
UClYmz-lY7nCeAdorU9roAHQ,UCK09g6gYGMvU-0x1VCF1hgA,Directed,69353,,,1
UCa5zQvJmCrVJQ7TfrDexflQ,UCK09g6gYGMvU-0x1VCF1hgA,Directed,71005,,,1
UCa5zQvJmCrVJQ7TfrDexflQ,UC2C_jShtL725hvbm1arSV9w,Directed,71044,,,1
UCGtBFfGBnYgLqiLhbYiK8_Q,UCwnKziETDbHJtx78nIkfYug,Directed,71531,,,1
UC-7gjx7fVJHgxyzhhpo36gg,UCRds47MZ1Ng7KCLseg2TkWA,Directed,71976,,,1
UCcJvUOWmkU_pt68SOQ-q1tg,UCQGqX5Ndpm4snE0NTjyOJnA,Directed,73048,,,1
UCkrU5Xl15ezatdnnvgtjj6A,UCLoNQH9RCndfUGOb2f7E1Ew,Directed,73453,,,1
UCkrU5Xl15ezatdnnvgtjj6A,UCD8bmW4A7eYzHrW7sXwsqwQ,Directed,73462,,,1
UCkrU5Xl15ezatdnnvgtjj6A,UCwnKziETDbHJtx78nIkfYug,Directed,73467,,,1
UCNXPoa1y7S3UOBDJeGbb8nA,UCRds47MZ1Ng7KCLseg2TkWA,Directed,74882,,,1
UCEV-6jQhYIJpnYEYmiDCw3w,UCwnKziETDbHJtx78nIkfYug,Directed,75222,,,1
UCIBS40e4HtU6TSqneQGac3g,UCwnKziETDbHJtx78nIkfYug,Directed,75328,,,1
UCxTSG0rzzGTIzQWGqCiaJgg,UCwnKziETDbHJtx78nIkfYug,Directed,75446,,,1
UCQhCYMG_lUmZbMJ8e8KtojA,UClvD6c1VI75QZWJjA_yiWhg,Directed,75774,,,1
UCXoPri-Nom-U13rgHoDX58A,UCwnKziETDbHJtx78nIkfYug,Directed,77592,,,1
UCIaH6pLZyUsBUXuYg0yWc1g,UCFWjEwhX6cSAKBQ28pufG3w,Directed,77635,,,1
UCIaH6pLZyUsBUXuYg0yWc1g,UCK09g6gYGMvU-0x1VCF1hgA,Directed,77655,,,1
UCnVNxOYlfkyvmdHeSif9xog,UCFWjEwhX6cSAKBQ28pufG3w,Directed,77658,,,1
UCnVNxOYlfkyvmdHeSif9xog,UCLoNQH9RCndfUGOb2f7E1Ew,Directed,77669,,,1
UCtqytBKHsXj4WSyUiSBdY7Q,UCeNbszrEiBC5Nv53Cr5UViw,Directed,77926,,,1
UCtqytBKHsXj4WSyUiSBdY7Q,UC2C_jShtL725hvbm1arSV9w,Directed,77936,,,1
UCIaVBIAmXOXZjsR6cW9Fl7Q,UCwnKziETDbHJtx78nIkfYug,Directed,78008,,,1
UChENffr08FIKf-9ZFf2R2nQ,UCFWjEwhX6cSAKBQ28pufG3w,Directed,78113,,,1
UChENffr08FIKf-9ZFf2R2nQ,UCD8bmW4A7eYzHrW7sXwsqwQ,Directed,78140,,,1
UCEnwq4vwiWuq_15kkEWgxVw,UCK09g6gYGMvU-0x1VCF1hgA,Directed,78647,,,1
UCU4GLwSst3ADUwF3yxU9KLw,UCFWjEwhX6cSAKBQ28pufG3w,Directed,79600,,,1
UCU4GLwSst3ADUwF3yxU9KLw,UCwnKziETDbHJtx78nIkfYug,Directed,79608,,,1
UCXA0B7hF3w1RtWWngbfXhKw,UClvD6c1VI75QZWJjA_yiWhg,Directed,80080,,,1
UCXA0B7hF3w1RtWWngbfXhKw,UCK09g6gYGMvU-0x1VCF1hgA,Directed,80097,,,1
UCCr-efraf1a6kJYSfk4hEJw,UCwnKziETDbHJtx78nIkfYug,Directed,80305,,,1
UCCr-efraf1a6kJYSfk4hEJw,UCFWjEwhX6cSAKBQ28pufG3w,Directed,80314,,,1
UCCr-efraf1a6kJYSfk4hEJw,UCD8bmW4A7eYzHrW7sXwsqwQ,Directed,80340,,,1
UCkzVLpb-q9PSGuGS_JseSuQ,UCwnKziETDbHJtx78nIkfYug,Directed,80413,,,1
UCVMZcF6EYilk4OeiBc3pFkA,UClvD6c1VI75QZWJjA_yiWhg,Directed,80814,,,1
UC9t7Z-Nj2ivn4CLjNlql_Zg,UCRds47MZ1Ng7KCLseg2TkWA,Directed,80992,,,1
UC9t7Z-Nj2ivn4CLjNlql_Zg,UCQGqX5Ndpm4snE0NTjyOJnA,Directed,80993,,,1
UCIhG-nBmr2cY56zx5eYza_Q,UCQGqX5Ndpm4snE0NTjyOJnA,Directed,81567,,,1
UCIhG-nBmr2cY56zx5eYza_Q,UCRds47MZ1Ng7KCLseg2TkWA,Directed,81577,,,1
UCM4kqt2ysXriXBuVXEyM8kA,UCLoNQH9RCndfUGOb2f7E1Ew,Directed,83283,,,1
UCM4kqt2ysXriXBuVXEyM8kA,UCD8bmW4A7eYzHrW7sXwsqwQ,Directed,83287,,,1
UCKN-Sj-WC20GC_J9C2AVbBw,UClvD6c1VI75QZWJjA_yiWhg,Directed,84052,,,1
UCKN-Sj-WC20GC_J9C2AVbBw,UCLoNQH9RCndfUGOb2f7E1Ew,Directed,84064,,,1
UC6ZyJck124zdQSbBG6Jvmvg,UCQGqX5Ndpm4snE0NTjyOJnA,Directed,84099,,,1
UCKA8QwWgIBFBmlQANI3GUMg,UCQGqX5Ndpm4snE0NTjyOJnA,Directed,84458,,,1
UCH8TETd1IZw6IG5iBjAv8Nw,UClvD6c1VI75QZWJjA_yiWhg,Directed,84751,,,1
UCPRAUoP6BJfaqmmFAGMVglw,UCRds47MZ1Ng7KCLseg2TkWA,Directed,84879,,,1
UCHdyRyUrVQks3Y6pnMUwckw,UCD8bmW4A7eYzHrW7sXwsqwQ,Directed,85094,,,1
UC_3IK1GuMKm1erzMzH-a9yA,UCwnKziETDbHJtx78nIkfYug,Directed,85362,,,1
UC_3IK1GuMKm1erzMzH-a9yA,UCeNbszrEiBC5Nv53Cr5UViw,Directed,85367,,,1
UCMgSpFZHf5L23bEldDYKK4A,UClvD6c1VI75QZWJjA_yiWhg,Directed,85598,,,1
UCmFuO4UJudznYS4MlS5wl1A,UCFWjEwhX6cSAKBQ28pufG3w,Directed,85813,,,1
UC-Hy-4BEUIX7hDeVaODcIfg,UClvD6c1VI75QZWJjA_yiWhg,Directed,85939,,,1
UC-Hy-4BEUIX7hDeVaODcIfg,UCFWjEwhX6cSAKBQ28pufG3w,Directed,85942,,,1
UC-Hy-4BEUIX7hDeVaODcIfg,UC2C_jShtL725hvbm1arSV9w,Directed,85961,,,1
UC-Hy-4BEUIX7hDeVaODcIfg,UCRds47MZ1Ng7KCLseg2TkWA,Directed,85968,,,1
UCn4UDdcn3Gmbsusa5AyGFMA,UCQGqX5Ndpm4snE0NTjyOJnA,Directed,86045,,,1
UCiHpnJOdAYnIQSUwYDa2E1w,UCK09g6gYGMvU-0x1VCF1hgA,Directed,86908,,,1
UCHtO2Iq7C1bZ7sdWcB0U2yg,UCK09g6gYGMvU-0x1VCF1hgA,Directed,87603,,,1
UCV95IGa1LpyXG5zS-mgKD0Q,UCRds47MZ1Ng7KCLseg2TkWA,Directed,88283,,,1
UCV95IGa1LpyXG5zS-mgKD0Q,UCklesbq7pc_XIaCvpZvG4QQ,Directed,88303,,,1
UCV95IGa1LpyXG5zS-mgKD0Q,UClvD6c1VI75QZWJjA_yiWhg,Directed,88306,,,1
UCTjNGGhgDagrkWO4SXa5F5A,UCFWjEwhX6cSAKBQ28pufG3w,Directed,89227,,,1
UCTjNGGhgDagrkWO4SXa5F5A,UCRds47MZ1Ng7KCLseg2TkWA,Directed,89244,,,1
UCHxJfblqf3iyxTTd3GXtRXA,UCwnKziETDbHJtx78nIkfYug,Directed,89571,,,1
UCHxJfblqf3iyxTTd3GXtRXA,UCFWjEwhX6cSAKBQ28pufG3w,Directed,89587,,,1
UCHxJfblqf3iyxTTd3GXtRXA,UCK09g6gYGMvU-0x1VCF1hgA,Directed,89594,,,1
UCQleiDKZyZfsPZrArWDmI0A,UClvD6c1VI75QZWJjA_yiWhg,Directed,90131,,,1
UCBvxTye7EGlu3o3S58vIQeg,UClvD6c1VI75QZWJjA_yiWhg,Directed,90535,,,1
UCq2q83rsDc91CTBPMusuKWQ,UCwnKziETDbHJtx78nIkfYug,Directed,90769,,,1
UCySNnaJEsLYBlg4gqCAq8uw,UC2C_jShtL725hvbm1arSV9w,Directed,90925,,,1
UCavyAKZP-Wr5SSc3zmqVenw,UCwnKziETDbHJtx78nIkfYug,Directed,91411,,,1
UCavyAKZP-Wr5SSc3zmqVenw,UCfa492nu0Ir7zEmqR9hQ18Q,Directed,91417,,,1
UCavyAKZP-Wr5SSc3zmqVenw,UClvD6c1VI75QZWJjA_yiWhg,Directed,91419,,,1
UCCgx0sNaSSJ-jjYDG6RqkPA,UClvD6c1VI75QZWJjA_yiWhg,Directed,91593,,,1
UCYCDXs0Nc0HtTGeXKuc6l4g,UCFWjEwhX6cSAKBQ28pufG3w,Directed,91660,,,1
UCYCDXs0Nc0HtTGeXKuc6l4g,UCD8bmW4A7eYzHrW7sXwsqwQ,Directed,91662,,,1
UCAx27vcos1TkPty-FF0zVfQ,UCRds47MZ1Ng7KCLseg2TkWA,Directed,91766,,,1
UC6p8X60vwIAohxAEHtlxH9g,UCQGqX5Ndpm4snE0NTjyOJnA,Directed,92422,,,1
UCp8wAqgF6VlvvMIWVI6xegg,UClvD6c1VI75QZWJjA_yiWhg,Directed,92693,,,1
UCCdxizrxUZ55AHZUGhdzkGg,UCwnKziETDbHJtx78nIkfYug,Directed,92790,,,1
UC4Ex8sqdisdLF-jj4d_Od4Q,UCwnKziETDbHJtx78nIkfYug,Directed,93091,,,1
UCaMyORedtLcmQJC6g_2OZzg,UCFWjEwhX6cSAKBQ28pufG3w,Directed,93306,,,1
UCaMyORedtLcmQJC6g_2OZzg,UCK09g6gYGMvU-0x1VCF1hgA,Directed,93329,,,1
UCVcAb1Kml9b5GRB0Vho86-w,UCfa492nu0Ir7zEmqR9hQ18Q,Directed,93788,,,1
UCuRDFWQap-eSoC3v8zlIrkw,UCwnKziETDbHJtx78nIkfYug,Directed,94121,,,1
UC4mhsWgiD0PZ9DZiZv7HdMw,UCK09g6gYGMvU-0x1VCF1hgA,Directed,94330,,,1
UCX-qFmU6tkSU7WS5nr2HrCA,UCRds47MZ1Ng7KCLseg2TkWA,Directed,94512,,,1
UCai3CeohSSHbJwiG8yyFSyg,UClvD6c1VI75QZWJjA_yiWhg,Directed,94691,,,1
UCcH2YymKTzXQ6SQhucvZmMw,UCwnKziETDbHJtx78nIkfYug,Directed,94783,,,1
UCcH2YymKTzXQ6SQhucvZmMw,UCFWjEwhX6cSAKBQ28pufG3w,Directed,94789,,,1
UCcH2YymKTzXQ6SQhucvZmMw,UCK09g6gYGMvU-0x1VCF1hgA,Directed,94796,,,1
UC_KpnE0P8hSzRS24QAHcrMA,UClvD6c1VI75QZWJjA_yiWhg,Directed,95539,,,1
UC_KpnE0P8hSzRS24QAHcrMA,UCfa492nu0Ir7zEmqR9hQ18Q,Directed,95549,,,1
UC_KpnE0P8hSzRS24QAHcrMA,UCRds47MZ1Ng7KCLseg2TkWA,Directed,95569,,,1
UC_KpnE0P8hSzRS24QAHcrMA,UCQGqX5Ndpm4snE0NTjyOJnA,Directed,95570,,,1
UCmpwokS_qioWGXJ22qYBaZg,UCFWjEwhX6cSAKBQ28pufG3w,Directed,95776,,,1
UCmpwokS_qioWGXJ22qYBaZg,UClvD6c1VI75QZWJjA_yiWhg,Directed,95788,,,1
UCOl1O_9KFjfl2zgQFt2aODg,UClvD6c1VI75QZWJjA_yiWhg,Directed,95826,,,1
UCKjFMX4pQBbx_Vh7q-jQR-A,UCFWjEwhX6cSAKBQ28pufG3w,Directed,96092,,,1
UCKjFMX4pQBbx_Vh7q-jQR-A,UCQGqX5Ndpm4snE0NTjyOJnA,Directed,96133,,,1
UCNdJmFsqZ2SmTaFiMbgOQ9w,UCFWjEwhX6cSAKBQ28pufG3w,Directed,96177,,,1
UCiRzcqN27rfcmeFdFvAG0Jw,UClvD6c1VI75QZWJjA_yiWhg,Directed,96452,,,1
UCiRzcqN27rfcmeFdFvAG0Jw,UCwnKziETDbHJtx78nIkfYug,Directed,96456,,,1
UC2vjyLgENRY_ZQ1sI91VyyQ,UCRds47MZ1Ng7KCLseg2TkWA,Directed,96475,,,1
UCPJu-iu1TQDhS3Tw8urydOA,UCK09g6gYGMvU-0x1VCF1hgA,Directed,96628,,,1
UCv-T1WeKQxQ8zsSzl-gHGSw,UCK09g6gYGMvU-0x1VCF1hgA,Directed,96993,,,1
UCjMvLtSvkpk5m4u6T-ye1rw,UClvD6c1VI75QZWJjA_yiWhg,Directed,97276,,,1
UC7subBl2gbz5H36m-zbp8LA,UC2C_jShtL725hvbm1arSV9w,Directed,97474,,,1
UCuDGSixG6umA4o49wixLkjQ,UCLoNQH9RCndfUGOb2f7E1Ew,Directed,98323,,,1
UCGnb7vX5hLroe5Jl61Dt0FA,UClvD6c1VI75QZWJjA_yiWhg,Directed,99190,,,1
UCqDZ5oAFZomuaDRnsqh1Q9w,UCwnKziETDbHJtx78nIkfYug,Directed,100360,,,1
UCc4VkAp7fPg-3QPudsn5XZA,UClvD6c1VI75QZWJjA_yiWhg,Directed,101256,,,1
UC1r_FsYOsPrU-kO_JHRpfdw,UClvD6c1VI75QZWJjA_yiWhg,Directed,101770,,,1
UCA--dcq7LnlhvWtYhffBoow,UClvD6c1VI75QZWJjA_yiWhg,Directed,102052,,,1
UCA--dcq7LnlhvWtYhffBoow,UCK09g6gYGMvU-0x1VCF1hgA,Directed,102069,,,1
UCUl5yJaPdlqJ--c1gZK7RGg,UClvD6c1VI75QZWJjA_yiWhg,Directed,102270,,,1
UC9UV-zZuV_r45n0Twtj4DOg,UCwnKziETDbHJtx78nIkfYug,Directed,102421,,,1
UCp_UQ3x8-vFmacoERpZDsdQ,UCD8bmW4A7eYzHrW7sXwsqwQ,Directed,102520,,,1
UCp_UQ3x8-vFmacoERpZDsdQ,UC7w6MNvnZJ0DKU41wa7yA8w,Directed,102521,,,1
UC8wmpNa5g9f45o19hBQcFTQ,UCK09g6gYGMvU-0x1VCF1hgA,Directed,102593,,,1
UC8wmpNa5g9f45o19hBQcFTQ,UCD8bmW4A7eYzHrW7sXwsqwQ,Directed,102607,,,1
UCjocz5zz_0RIfifUlNt4ziA,UCK09g6gYGMvU-0x1VCF1hgA,Directed,102877,,,1
UCSUBEu3CwiXUD2YByfSEJOQ,UCD8bmW4A7eYzHrW7sXwsqwQ,Directed,103266,,,1
UC9eaJnY3wFRWF1GSphv05ZQ,UClvD6c1VI75QZWJjA_yiWhg,Directed,103319,,,1
UC_8dI_PPRY2HbDfYtAbEKaw,UClvD6c1VI75QZWJjA_yiWhg,Directed,104811,,,1
UC_8dI_PPRY2HbDfYtAbEKaw,UCeNbszrEiBC5Nv53Cr5UViw,Directed,104817,,,1
UC_8dI_PPRY2HbDfYtAbEKaw,UCK09g6gYGMvU-0x1VCF1hgA,Directed,104837,,,1
UCIMm99MI5FLycLIL9PY97Mg,UCK09g6gYGMvU-0x1VCF1hgA,Directed,105468,,,1
UCNAUR9pArgDCA-Mm0MFCO6g,UCwnKziETDbHJtx78nIkfYug,Directed,105858,,,1
UCnWzRN18nWMDM1YRCKGbr3A,UCeNbszrEiBC5Nv53Cr5UViw,Directed,105932,,,1
UCXsiSnw37krBovN_gQ2cMkw,UClvD6c1VI75QZWJjA_yiWhg,Directed,106533,,,1
UCPamPqyE5ik_Al8ig3lw--g,UCFWjEwhX6cSAKBQ28pufG3w,Directed,106855,,,1
UClS4wJdCusfUyp2qnZx40AQ,UClvD6c1VI75QZWJjA_yiWhg,Directed,107707,,,1
UCpkZ7xO1ceEFEk3Bs7x4WhQ,UCLoNQH9RCndfUGOb2f7E1Ew,Directed,109979,,,1
UCPJiczyFyMBET_WLishFmNw,UCeNbszrEiBC5Nv53Cr5UViw,Directed,110987,,,1
UCxRpmvyUAsaN1w465S39QnQ,UCLoNQH9RCndfUGOb2f7E1Ew,Directed,111018,,,1
UCf3ckYZL0z22TYs5ra6YvDQ,UCQGqX5Ndpm4snE0NTjyOJnA,Directed,111226,,,1
UCl1vPakchzspeKGvMtty-DA,UCwnKziETDbHJtx78nIkfYug,Directed,111308,,,1
UCl1vPakchzspeKGvMtty-DA,UCQGqX5Ndpm4snE0NTjyOJnA,Directed,111326,,,1
UCrnjUlwFWJgzs0-2fJy7GwA,UClvD6c1VI75QZWJjA_yiWhg,Directed,111960,,,1
UCrnjUlwFWJgzs0-2fJy7GwA,UCwnKziETDbHJtx78nIkfYug,Directed,111969,,,1
UC-foLXdvsD24GK3eVPQRc4A,UCFWjEwhX6cSAKBQ28pufG3w,Directed,112004,,,1
UC-foLXdvsD24GK3eVPQRc4A,UClvD6c1VI75QZWJjA_yiWhg,Directed,112012,,,1
UC66t52SmEJOi2ewDYMsM2Rw,UCwnKziETDbHJtx78nIkfYug,Directed,112488,,,1
UCmX9MLxlU2htc1gZcEyGBBA,UCQGqX5Ndpm4snE0NTjyOJnA,Directed,112529,,,1
UCLjzLVqoVZ5Wvfdqfmp19dA,UCFWjEwhX6cSAKBQ28pufG3w,Directed,112596,,,1
UCWpx-5KIHwpXE7Y0z2rA_Sw,UCwnKziETDbHJtx78nIkfYug,Directed,112708,,,1
UCWpx-5KIHwpXE7Y0z2rA_Sw,UClvD6c1VI75QZWJjA_yiWhg,Directed,112731,,,1
UCt23v8eAFgT1ARfCOyGRHsw,UClvD6c1VI75QZWJjA_yiWhg,Directed,112913,,,1
UCt23v8eAFgT1ARfCOyGRHsw,UCK09g6gYGMvU-0x1VCF1hgA,Directed,112914,,,1
UCz3QHIofjkRZx4yyWSdO6_w,UClvD6c1VI75QZWJjA_yiWhg,Directed,112931,,,1
UClgA2GsO7o-_xh4HgUXGX-g,UClvD6c1VI75QZWJjA_yiWhg,Directed,113138,,,1
UClgA2GsO7o-_xh4HgUXGX-g,UCQGqX5Ndpm4snE0NTjyOJnA,Directed,113157,,,1
